round,slice,frame,object_ref,cell,what,why,severity,owner,rule_id,evidence,action,rules_version,note
calib,C0,adasind_019560.jpg,L1,na,SPURIOUS,,,,,,,,
calib,C0,adasind_019560.jpg,L3+R3,na,WRONG_CLASS,,,,,,,,
calib,C0,adasind_019560.jpg,R1,na,MISSING,,,,,,,,
calib,C0,adasind_019560.jpg,R4,na,MISSING,,,,,,,,
calib,C0,adasind_019560.jpg,R5,na,MISSING,,,,,,,,
calib,C0,adasind_019560.jpg,R6,na,MISSING,,,,,,,,
r1_craft,B2-mid,adasind_060000.jpg,R2,na,MISSING,,,,,,,,
r1_craft,B2-mid,adasind_060000.jpg,R5,na,MISSING,,,,,,,,
r1_craft,B2-mid,adasind_060000.jpg,R7,na,MISSING,,,,,,,,
r1_craft,B2-mid,adasind_060000.jpg,R8,na,MISSING,,,,,,,,
r1_craft,B2-mid,adasind_060000.jpg,R9,na,MISSING,,,,,,,,
r1_craft,B2-mid,adasind_086220.jpg,R1,na,MISSING,,,,,,,,
r1_craft,B2-mid,adasind_086220.jpg,R2,na,MISSING,,,,,,,,
r1_craft,B2-mid,adasind_086220.jpg,R3,na,MISSING,,,,,,,,
r1_craft,B2-mid,adasind_086220.jpg,R4,na,MISSING,,,,,,,,
r1_craft,B2-mid,adasind_086220.jpg,R5,na,MISSING,,,,,,,,
r1_craft,B2-mid,adasind_102750.jpg,R1,na,MISSING,,,,,,,,
r1_craft,B2-mid,adasind_102750.jpg,R2,na,MISSING,,,,,,,,
r1_craft,B2-mid,adasind_102750.jpg,R3,na,MISSING,,,,,,,,
r1_craft,B2-mid,adasind_102750.jpg,R4,na,MISSING,,,,,,,,
r1_craft,B2-mid,adasind_102750.jpg,R5,na,MISSING,,,,,,,,
r3_diag,B2-mid,adasind_060000.jpg,L1+R1,LR_noM,MISSING,E1_annotator_error,P1,annotator,R01,,rework,,
r3_diag,B2-mid,adasind_060000.jpg,L2+R3,LR_noM,MISSING,E1_annotator_error,P1,annotator,R01,,rework,,
r3_diag,B2-mid,adasind_060000.jpg,L3+R4,LR_noM,MISSING,E1_annotator_error,P1,annotator,R01,,rework,,
r3_diag,B2-mid,adasind_060000.jpg,R2,R_only,MISSING,E1_annotator_error,P1,annotator,R01,,rework,,
r3_diag,B2-mid,adasind_060000.jpg,R5+M4,RM_noL,MISSING,E1_annotator_error,P1,annotator,R01,,rework,,
r3_diag,B2-mid,adasind_060000.jpg,R7+M6,RM_noL,MISSING,E1_annotator_error,P1,annotator,R01,,rework,,
r3_diag,B2-mid,adasind_060000.jpg,R8,R_only,MISSING,E1_annotator_error,P1,annotator,R01,,rework,,
r3_diag,B2-mid,adasind_060000.jpg,R9,R_only,MISSING,E1_annotator_error,P1,annotator,R01,,rework,,
r3_diag,B2-mid,adasind_060000.jpg,M2,M_only,SPURIOUS,E1_annotator_error,P1,annotator,R01,,rework,,
r3_diag,B2-mid,adasind_060000.jpg,M3,M_only,SPURIOUS,E1_annotator_error,P1,annotator,R01,,rework,,
r3_diag,B2-mid,adasind_060000.jpg,M7,M_only,SPURIOUS,E1_annotator_error,P1,annotator,R01,,rework,,
r3_diag,B2-mid,adasind_060000.jpg,M9,M_only,SPURIOUS,E1_annotator_error,P1,annotator,R01,,rework,,
r3_diag,B2-mid,adasind_060000.jpg,M10,M_only,SPURIOUS,E1_annotator_error,P1,annotator,R01,,rework,,
r3_diag,B2-mid,adasind_060000.jpg,M11,M_only,SPURIOUS,E1_annotator_error,P1,annotator,R01,,rework,,
r3_diag,B2-mid,adasind_060000.jpg,M12,M_only,SPURIOUS,E1_annotator_error,P1,annotator,R01,,rework,,
r3_diag,B2-mid,adasind_086220.jpg,R1,R_only,MISSING,E1_annotator_error,P1,annotator,R01,,rework,,
r3_diag,B2-mid,adasind_086220.jpg,R2+M1,RM_noL,MISSING,E1_annotator_error,P1,annotator,R01,,rework,,
r3_diag,B2-mid,adasind_086220.jpg,R3+M4,RM_noL,MISSING,E1_annotator_error,P1,annotator,R01,,rework,,
r3_diag,B2-mid,adasind_086220.jpg,R4,R_only,MISSING,E1_annotator_error,P1,annotator,R01,,rework,,
r3_diag,B2-mid,adasind_086220.jpg,R5,R_only,MISSING,E1_annotator_error,P1,annotator,R01,,rework,,
r3_diag,B2-mid,adasind_086220.jpg,M2,M_only,SPURIOUS,E1_annotator_error,P1,annotator,R01,,rework,,
r3_diag,B2-mid,adasind_086220.jpg,M3,M_only,SPURIOUS,E1_annotator_error,P1,annotator,R01,,rework,,
r3_diag,B2-mid,adasind_086220.jpg,M5,M_only,SPURIOUS,E1_annotator_error,P1,annotator,R01,,rework,,
r3_diag,B2-mid,adasind_086220.jpg,M6,M_only,SPURIOUS,E1_annotator_error,P1,annotator,R01,,rework,,
r3_diag,B2-mid,adasind_086220.jpg,M7,M_only,SPURIOUS,E1_annotator_error,P1,annotator,R01,,rework,,
r3_diag,B2-mid,adasind_086220.jpg,M8,M_only,SPURIOUS,E1_annotator_error,P1,annotator,R01,,rework,,
r3_diag,B2-mid,adasind_102750.jpg,R1+M1,RM_noL,MISSING,E1_annotator_error,P1,annotator,R01,,rework,,
r3_diag,B2-mid,adasind_102750.jpg,R2+M2,RM_noL,MISSING,E1_annotator_error,P1,annotator,R01,,rework,,
r3_diag,B2-mid,adasind_102750.jpg,R3,R_only,MISSING,E1_annotator_error,P1,annotator,R01,,rework,,
r3_diag,B2-mid,adasind_102750.jpg,R4,R_only,MISSING,E1_annotator_error,P1,annotator,R01,,rework,,
r3_diag,B2-mid,adasind_102750.jpg,R5+M8,RM_noL,MISSING,E1_annotator_error,P1,annotator,R01,,rework,,
r3_diag,B2-mid,adasind_102750.jpg,M3,M_only,SPURIOUS,E1_annotator_error,P1,annotator,R01,,rework,,
r3_diag,B2-mid,adasind_102750.jpg,M4,M_only,SPURIOUS,E1_annotator_error,P1,annotator,R01,,rework,,
r3_diag,B2-mid,adasind_102750.jpg,M5,M_only,SPURIOUS,E1_annotator_error,P1,annotator,R01,,rework,,
r3_diag,B2-mid,adasind_102750.jpg,M6,M_only,SPURIOUS,E1_annotator_error,P1,annotator,R01,,rework,,
r3_diag,B2-mid,adasind_102750.jpg,M7,M_only,SPURIOUS,E1_annotator_error,P1,annotator,R01,,rework,,
r2_qa,B2-mid,adasind_060000.jpg,L1,L_only,MISSING,,P1,qa,R01,img1,rework,v1.0,qa note 1
r2_qa,B2-mid,adasind_086220.jpg,L2,L_only,MISSING,,P1,qa,R02,img2,rework,v1.0,qa note 2
r2_qa,B2-mid,adasind_102750.jpg,L3,L_only,MISSING,,P1,qa,R03,img3,rework,v1.0,qa note 3
